knee_angle,hip_angle,label
175.36207527995563,179.3803929966779,bad
169.79005105609798,165.47455979668408,good
